{"cameraMode":{"drawMode":0,"name":"Shaded","section":"Shading Mode"},"sceneLighting":true,"audioPlay":false,"sceneViewState":{"m_AlwaysRefresh":false,"showFog":true,"showSkybox":true,"showFlares":true,"showImageEffects":true,"showParticleSystems":true,"showVisualEffectGraphs":true,"m_FxEnabled":true},"in2DMode":false,"pivot":{"x":-0.02076864242553711,"y":-0.48426103591918948,"z":-2.8401310443878176},"rotation":{"x":0.15915317833423615,"y":0.6673745512962341,"z":-0.1491708755493164,"w":0.7120787501335144},"size":4.992081642150879,"orthographic":false}